{"cameraMode":{"drawMode":0,"name":"Shaded","section":"Shading Mode"},"sceneLighting":true,"audioPlay":false,"sceneViewState":{"m_AlwaysRefresh":false,"showFog":true,"showSkybox":true,"showFlares":true,"showImageEffects":true,"showParticleSystems":true,"showVisualEffectGraphs":true,"m_FxEnabled":true},"in2DMode":false,"pivot":{"x":30.78892707824707,"y":2.6408448219299318,"z":62.86310958862305},"rotation":{"x":0.004462926182895899,"y":-0.9951276183128357,"z":0.08259551227092743,"w":0.05376559495925903},"size":8.14315414428711,"orthographic":false}